#node	date	numeric date
NODE_0000001	1997-04-11	1997.276321
NODE_0000288	1999-04-05	1999.259371
NODE_0000289	--	--
HQ392340.1_RVA/Human-wt/BEL/BE00038/2008/G1P8	--	--
NODE_0000290	--	--
JX027865.1_RVA/Human-wt/AUS/CK00087/2009/G1P8	--	--
JN706520.1_RVA/CU460-KK/09/2009	--	--
NODE_0000291	2004-11-20	2004.886109
NODE_0000292	--	--
KT223455.1_RVA/Human-wt/BEL/BE00058/1999/G1P8	--	--
NODE_0000293	--	--
KJ752287.1_RVA/Human-wt/GMB/MRC-DPRU3174/2010/G1P8	--	--
KC769352.1_RVA/Human-wt/AUS/CK00061/2007/G1P8	--	--
NODE_0000294	2008-06-17	2008.459024
KJ753074.1_RVA/Human-wt/CMR/MRC-DPRU3043/2009/G12P8	--	--
NODE_0000295	2008-11-05	2008.846904
LC056807.1_RVA/RVA/Human-wt/VNM/NT0643/2008/G3P8	--	--
NODE_0000297	--	--
JN258920.1_RVA/Human-wt/Bel/BE00097/2009/G1P8	--	--
KJ919618.1_RVA/Human-wt/HUN/ERN5040/2012/G1P8	--	--
NODE_0000298	2009-03-27	2009.233631
HQ392354.1_RVA/Human-wt/BEL/BE00039/2008/G1P8	--	--
NODE_0000299	2009-08-16	2009.622607
NODE_0000300	--	--
KJ412702.1_RVA/Human-wt/PRY/1692SR/2008/G1P8	--	--
JN849117.1_RVA/Human-wt/BEL/BE0258/2008/G12P8	--	--
NODE_0000302	--	--
NODE_0000303	--	--
KM116029.1_RVA/RVA/Human-wt/USA/2013774164/2013/G12P8	--	--
MF469201.1_RVA/Human-wt/USA/SSCRTV_00006/2013/G12P8	--	--
NODE_0000304	--	--
KX655531.1_RVA/Cow-wt/UGA/BUW-14-A035/2014/G12P8	--	--
KU048593.1_RVA/Hu-wt/ITA/PA93/12/2012/G12P8	--	--
MF469280.1_RVA/Human-wt/USA/SSCRTV_00023/2013/G12P8	--	--
NODE_0000306	2010-10-22	2010.807693
JX878641.2/RVA/Hu-wt/RUS/Novosibirsk/Nov12-N4489/2012/G12P8	2012-06-01	2012.416667
NODE_0000307	--	--
KT921094.1_RVA/Human-wt/USA/CNMC13/2011/G12P8	--	--
NODE_0000309	--	--
KJ753730.1_RVA/Human-wt/UGA/MRC-DPRU4620/2011/G12P8	--	--
MG181593.1_RVA/Human-wt/MWI/BID1LN/2013/G1P8	--	--
NODE_0000310	--	--
MH169512.1_RVA/Human-wt/CA-OB/3001026419/2017/G12P8	--	--
NODE_0000311	--	--
NODE_0000312	--	--
MK417781.1_RVA/Human-wt/ESP/SS96099331/2018/G12P8	--	--
MT633362.1_RVA/TO-013	--	--
NODE_0000313	--	--
KU048600.1_RVA/Hu-wt/ITA/RG179/13/2013/G12P8	--	--
NODE_0000314	--	--
MT462096.1_RVA/Human-wt/JPN/15664/2017/G12P8	--	--
MH169508.1_RVA/Human-wt/CA-OB/3000813460/2017/G12P8	--	--
NODE_0000316	2011-03-06	2011.177881
NODE_0000317	--	--
KT919230.1_RVA/Human-wt/USA/VU12-13-7/2013/G12P8	--	--
MT855172.1_RVA/Human-wt/ZAF/UFS-NGS-MRC-DPRU4357/2015/G1P8	--	--
NODE_0000318	2013-05-25	2013.396958
MN066757.1_RVA/Human-wt/IND/CMC_00048/2013/G9P8	--	--
MN304725.1_RVA/NGR_Ref/2018/P8	--	--
MG652330.1_RVA/Human-wt/DOM/3000503695/2014/G1P8	--	--
MN478699.1_RVA/Human-wt/USA/2014753181/2014/G1P8	--	--
NODE_0000322	2013-10-07	2013.766250
LC430883.1_RVA/Human-wt/IDN/STM453/2018/G3P8	--	--
NODE_0000323	--	--
LC477393.1_RVA/Human-wt/JPN/Tokyo17-21/2017/G3P8	--	--
MT381748.1_RVA/Human-wt/PAK601/2016/G1P8/	--	--
NODE_0000325	2014-02-18	2014.133407
RVA/Human-wt/KEN/KLF0815/2015/G1P8	2015-08-01	2015.582192
MH291325.1_RVA/Human-wt/KEN/3818/2017/G1P8	--	--
RVA/Human-wt/KEN/KLF0799/2015/G1P8	2015-07-05	2015.508219
NODE_0000336	2014-10-15	2014.786937
RVA/Human-wt/KEN/KLF0792/2015/G1P8	2015-06-27	2015.486301
NODE_0000337	2015-01-04	2015.009550
RVA/Human-wt/KEN/KLF0827/2015/G1P8	2015-10-12	2015.779452
NODE_0000338	2015-07-14	2015.532877
RVA/Human-wt/KEN/KLF0806/2015/G1P8	2015-07-14	2015.532877
RVA/Human-wt/KEN/KLF0810/2015/G1P8	2015-07-16	2015.538356
NODE_0000340	2015-02-02	2015.088035
RVA/Human-wt/KEN/KLF0762/2015/G1P8	2015-06-01	2015.415068
RVA/Human-wt/KEN/KLF0794/2015/G1P8	2015-07-03	2015.502740
NODE_0000342	2015-05-14	2015.366875
RVA/Human-wt/KEN/KLF0805/2015/G1P8	2015-07-11	2015.524658
NODE_0000035	2015-06-05	2015.426027
RVA/Human-wt/KEN/KLF0765/2015/G1P8	2015-06-05	2015.426027
NODE_0000037	2015-06-10	2015.439726
RVA/Human-wt/KEN/KLF0801/2015/G1P8	2015-07-06	2015.510959
RVA/Human-wt/KEN/KLF0770/2015/G1P8	2015-06-10	2015.439726
NODE_0000326	2015-06-14	2015.451027
LC546078.1_RVA/-U14/2017	--	--
NODE_0000327	2017-09-18	2017.714083
RVA/Human-wt/KEN/KLF1052/2018/G1P8	2018-01-01	2018.001370
NODE_0000328	2017-11-20	2017.884938
RVA/Human-wt/KEN/KLF1051/2018/G1P8	2018-01-01	2018.001370
NODE_0000046	2017-12-29	2017.994481
NODE_0000043	2018-01-01	2018.001370
RVA/Human-wt/KEN/KLF0908/2018/G1P8	2018-08-01	2018.582192
RVA/Human-wt/KEN/KLF1053/2018/G1P8	2018-01-01	2018.001370
NODE_0000331	2018-06-01	2018.415068
RVA/Human-wt/KEN/KLF0886/2018/G1P8	2018-06-01	2018.415068
RVA/Human-wt/KEN/KLF0887/2018/G1P8	2018-06-01	2018.415068
NODE_0000344	2014-06-17	2014.459051
NODE_0000346	2017-01-27	2017.072603
RVA/Human-wt/KEN/KLF2467/2017/G1P8	2017-01-27	2017.072603
RVA/Human-wt/KEN/KLF2469/2017/G1P8	2017-08-30	2017.661644
NODE_0000347	2015-06-06	2015.428767
RVA/Human-wt/KEN/KLF0767/2015/G1P8	2015-06-06	2015.428767
NODE_0000050	2015-06-09	2015.436986
RVA/Human-wt/KEN/KLF0771/2015/G1P8	2015-06-09	2015.436986
NODE_0000051	2015-06-17	2015.458904
RVA/Human-wt/KEN/KLF0779/2015/G1P8	2015-06-17	2015.458904
NODE_0000053	2015-06-23	2015.475342
RVA/Human-wt/KEN/KLF0807/2015/G1P8	2015-07-14	2015.532877
RVA/Human-wt/KEN/KLF0786/2015/G1P8	2015-06-23	2015.475342
NODE_0000359	2015-02-09	2015.107145
RVA/Human-wt/KEN/KLF0777/2015/G1P8	2015-06-16	2015.456164
NODE_0000060	2015-02-22	2015.144392
RVA/Human-wt/KEN/KLF0803/2015/G1P8	2015-07-08	2015.516438
NODE_0000055	2015-04-15	2015.286857
RVA/Human-wt/KEN/KLF0823/2015/G1P8	2015-08-29	2015.658904
NODE_0000056	2015-06-11	2015.442466
RVA/Human-wt/KEN/KLF0774/2015/G1P8	2015-06-12	2015.445205
RVA/Human-wt/KEN/KLF0772/2015/G1P8	2015-06-11	2015.442466
NODE_0000063	2014-12-02	2014.920438
NODE_0000350	2015-04-30	2015.326728
RVA/Human-wt/KEN/KLF1046/2014/G1P8	--	--
NODE_0000351	2017-10-16	2017.789716
RVA/Human-wt/KEN/KLF1055/2019/G1P8	2019-06-01	2019.415068
LC600823.1_RVA/Human-wt/KEN/KCH534/2019/G3P8	--	--
NODE_0000058	2014-12-02	2014.920438
RVA/Human-wt/KEN/KLF0819/2015/G1P8	2015-08-11	2015.609589
NODE_0000059	2015-08-24	2015.645205
RVA/Human-wt/KEN/KLF0821/2015/G1P8	2015-08-24	2015.645205
NODE_0000352	2016-01-11	2016.029981
MH291322.1_RVA/Human-wt/KEN/3607/2016/G1P8	--	--
NODE_0000353	2016-06-04	2016.424863
RVA/Human-wt/KEN/KLF1049/2016/G1P8	--	--
MH291317.1_RVA/Human-wt/KEN/3724/2017/G1P8	--	--
RVA/Human-wt/KEN/KLF0832/2016/G1P8	2016-06-04	2016.424863
RVA/Human-wt/KEN/KLF1048/2016/G1P8	2016-07-26	2016.566940
NODE_0000363	2014-08-31	2014.664425
NODE_0000365	2015-01-11	2015.029121
RVA/Human-wt/KEN/KLF0817/2015/G1P8	2015-08-07	2015.598630
NODE_0000366	2015-04-24	2015.310332
RVA/Human-wt/KEN/KLF0780/2015/G1P8	2015-06-20	2015.467123
RVA/Human-wt/KEN/KLF0813/2015/G1P8	2015-07-25	2015.563014
RVA/Human-wt/KEN/KLF0802/2015/G1P8	2015-07-07	2015.513699
NODE_0000368	2015-04-29	2015.324420
RVA/Human-wt/KEN/KLF0834/2016/G1P8	2016-07-10	2016.523224
NODE_0000068	2016-07-24	2016.562785
RVA/Human-wt/KEN/KLF0877/2018/G1P8	2018-05-01	2018.330137
NODE_0000071	2016-07-27	2016.569672
RVA/Human-wt/KEN/KLF2468/2017/G1P8	2017-08-05	2017.593151
RVA/Human-wt/KEN/KLF1050/2017/G1P8	2016-07-27	2016.569672
NODE_0000372	2015-03-23	2015.224563
RVA/Human-wt/KEN/KLF0814/2015/G1P8	2015-07-26	2015.565753
NODE_0000373	2015-06-22	2015.472603
RVA/Human-wt/KEN/KLF0784/2015/G1P8	2015-06-22	2015.472603
RVA/Human-wt/KEN/KLF0793/2015/G1P8	2015-06-28	2015.489041
NODE_0000075	2015-05-27	2015.402701
RVA/Human-wt/KEN/KLF0838/2016/G1P8	2016-07-25	2016.564208
NODE_0000076	2015-05-30	2015.409589
RVA/Human-wt/KEN/KLF0761/2015/G1P8	2015-05-30	2015.409589
NODE_0000077	2015-06-16	2015.456164
RVA/Human-wt/KEN/KLF0776/2015/G1P8	2015-06-16	2015.456164
NODE_0000078	2015-06-20	2015.467123
RVA/Human-wt/KEN/KLF0781/2015/G1P8	2015-06-20	2015.467123
NODE_0000079	2015-06-23	2015.475342
RVA/Human-wt/KEN/KLF0795/2015/G1P8	2015-07-02	2015.500000
RVA/Human-wt/KEN/KLF0785/2015/G1P8	2015-06-23	2015.475342
NODE_0000377	2014-10-22	2014.806875
RVA/Human-wt/KEN/KLF0812/2015/G1P8	2015-07-24	2015.560274
RVA/Human-wt/KEN/KLF0828/2015/G1P8	2015-11-02	2015.836986
MH291319.1_RVA/Human-wt/KEN/3978/2017/G1P8	--	--
NODE_0000082	2015-06-16	2015.456164
RVA/Human-wt/KEN/KLF0778/2015/G1P8	2015-06-16	2015.456164
NODE_0000083	2015-06-25	2015.480822
RVA/Human-wt/KEN/KLF0788/2015/G1P8	2015-06-25	2015.480822
NODE_0000085	2015-07-15	2015.535616
RVA/Human-wt/KEN/KLF0809/2015/G1P8	2015-07-15	2015.535616
NODE_0000086	2015-08-09	2015.604110
RVA/Human-wt/KEN/KLF0822/2015/G1P8	2015-08-26	2015.650685
RVA/Human-wt/KEN/KLF0818/2015/G1P8	2015-08-09	2015.604110
NODE_0000382	2015-03-04	2015.170068
NODE_0000388	2015-06-06	2015.429920
RVA/Human-wt/KEN/KLF0811/2015/G1P8	2015-07-17	2015.541096
RVA/Human-wt/KEN/KLF0816/2015/G1P8	2015-08-01	2015.582192
NODE_0000389	2015-05-10	2015.355083
RVA/Human-wt/KEN/KLF0824/2015/G1P8	2015-09-01	2015.667123
NODE_0000390	2015-06-25	2015.480822
RVA/Human-wt/KEN/KLF0787/2015/G1P8	2015-06-25	2015.480822
RVA/Human-wt/KEN/KLF0825/2015/G1P8	2015-09-02	2015.669863
NODE_0000383	2015-04-24	2015.311840
RVA/Human-wt/KEN/KLF0808/2015/G1P8	2015-07-15	2015.535616
RVA/Human-wt/KEN/KLF0769/2015/G1P8	2015-06-09	2015.436986
NODE_0000099	2015-05-23	2015.390411
RVA/Human-wt/KEN/KLF0791/2015/G1P8	2015-06-27	2015.486301
RVA/Human-wt/KEN/KLF0760/2015/G1P8	2015-05-23	2015.390411
NODE_0000104	2015-06-02	2015.417808
RVA/Human-wt/KEN/KLF0763/2015/G1P8	2015-06-02	2015.417808
NODE_0000105	2015-06-06	2015.428767
RVA/Human-wt/KEN/KLF0768/2015/G1P8	2015-06-06	2015.428767
NODE_0000106	2015-06-16	2015.456164
RVA/Human-wt/KEN/KLF0775/2015/G1P8	2015-06-16	2015.456164
NODE_0000109	2015-06-20	2015.467123
RVA/Human-wt/KEN/KLF0782/2015/G1P8	2015-06-20	2015.467123
NODE_0000112	2015-07-03	2015.502740
RVA/Human-wt/KEN/KLF0800/2015/G1P8	2015-07-05	2015.508219
RVA/Human-wt/KEN/KLF0798/2015/G1P8	2015-07-03	2015.502740
NODE_0000272	1997-08-18	1997.628774
NODE_0000274	--	--
NODE_0000275	--	--
KU861459.1_RVA/Human-tc/USA/DC5685-20-AG/1991/G1P8	--	--
KT695118.1_RVA/Human-tc/USA/DC5685-40-HT/1991/G1P8	--	--
NODE_0000276	--	--
NODE_0000277	--	--
MG181241.1_RVA/Human-wt/MWI/OP2-002/1999/G1P8	--	--
MG181362.1_RVA/Human-wt/MWI/MW2-841/2002/G1P8	--	--
NODE_0000278	--	--
KJ559218.1_RVA/Human-wt/ARG/Men1741/1998/G4P8	--	--
KJ559304.1_RVA/Human-wt/PRY/954SR/2005/G4P8	--	--
NODE_0000279	--	--
HQ392067.1_RVA/Human-wt/BEL/BE00012/2006/G1P8	--	--
NODE_0000280	--	--
KC443579.1_RVA/Human-wt/AUS/CK20019/2001/G1P8	--	--
KJ751771.1_RVA/Human-wt/ZAF/MRC-DPRU724/2006/G3P8	--	--
JN258855.1_RVA/Human-wt/Bel/BE00079/2002/G1P8	--	--
NODE_0000287	--	--
KJ626618.1_RVA/Human-wt/PRY/365/1999/G1P8	--	--
KT223458.1_RVA/Human-wt/BEL/BE00059/1999/G1P8	--	--
NODE_0000281	--	--
KJ752522.1_RVA/Human-wt/ZAF/MRC-DPRU648/2003/G1P8	--	--
NODE_0000282	--	--
KJ752676.1_RVA/Human-wt/ZAF/MRC-DPRU548/2003/G1P8	--	--
MT855227.1_RVA/Human-wt/ZAF/UFS-NGS-MRC-DPRU609/2003/G1P8	--	--
KJ752904.1_RVA/Human-wt/ZAF/MRC-DPRU1252/2004/G1P8	--	--
NODE_0000236	1997-12-28	1997.989114
NODE_0000237	--	--
JN258841.1_RVA/Human-wt/Bel/BE00076/2001/G1P8	--	--
NODE_0000238	--	--
KJ412713.1_RVA/Human-wt/PRY/1638SR/2008/G1P8	--	--
NODE_0000239	--	--
JF490740.1_RVA/human/Vanderbilt/VU05-06-47/2005/G1P8	--	--
NODE_0000240	--	--
HM773824.1_RVA/Human-wt/USA2007744270/2007/G1P8	--	--
JF490882.1_RVA/human/Vanderbilt/VU06-07-1/2006/G1P8	--	--
NODE_0000242	--	--
NODE_0000243	--	--
JF490926.1_RVA/human/Vanderbilt/VU06-07-27/2006/G1P8	--	--
NODE_0000244	--	--
KT223457.1_RVA/Human-wt/BEL/BE00089/2002/G1P8	--	--
NODE_0000245	--	--
JN258404.1_RVA/Human-wt/USA/2007769947/2007/G1P8	--	--
NODE_0000246	--	--
LC325472.1_RVA/Human-wt/JPN/15R444/2015/G3P8	--	--
KC769385.1_RVA/Human-wt/AUS/CK00066/2007/G1P8	--	--
NODE_0000248	--	--
JF490993.1_RVA/human/Vanderbilt/VU08-09-7/2008/G3P8	--	--
NODE_0000249	--	--
JN706525.1_RVA/CU976-KK/11/2011	--	--
KT919506.1_RVA/Human-wt/USA/VU12-13-101/2013/G9P8	--	--
NODE_0000251	--	--
JX027853.1_RVA/Human-wt/AUS/CK00086/2009/G1P8	--	--
NODE_0000252	--	--
MT633444.1_RVA/BRA/TO-237/2014/GxP8	--	--
KP007145.1_RVA/Human-wt/PHI/TGE12-045/2012/G1P8	--	--
NODE_0000253	--	--
NODE_0000261	--	--
JF491125.1_RVA/human/Vanderbilt/VU08-09-30/2008/G3P8	--	--
KT988142.1_RVA/Human-wt/ITA/PR799/2005/G3P8	--	--
NODE_0000254	--	--
KJ412691.1_RVA/Human-wt/PRY/1755SR/2009/G1P8	--	--
KJ583177.1_RVA/Human-wt/ARG/Arg7338/2009/G3P8/	--	--
NODE_0000256	--	--
KJ583166.1_RVA/Human-wt/ARG/Arg6795/2009/G3P8/	--	--
HM773736.1_RVA/Human-wt/USA2008747322/2008/G3P8	--	--
NODE_0000258	--	--
JN849139.1_RVA/Human-wt/BEL/BE1214/2009/G3P8	--	--
NODE_0000259	--	--
LC172625.1_RVA/RVA/Human/JPN/YM052/2013/G3P8	--	--
MF469334.1_RVA/Human-wt/USA/SSCRTV_00020/2013/GXP8	--	--
NODE_0000262	--	--
JQ087448.1_RVA/Human-tc/E1911/2009/G1P8	--	--
NODE_0000263	--	--
LC172638.1_RVA/RVA/Human/JPN/KN165/2014/G1P8	--	--
JN706528.1_RVA/CU769-KK/10/2010/GxP8	--	--
LC019077.1_RVA/RVA/Human-tc/MMR/P02/2011/G12P8	--	--
JX027887.1_RVA/Human-wt/AUS/CK00089/2009/G1P8	--	--
NODE_0000267	--	--
MT854941.1_RVA/Human-wt/ZAF/UFS-NGS-MRC-DPRU2291/2009/G1P8	--	--
NODE_0000268	--	--
KT920907.1_RVA/Human-wt/USA/CNMC117/2011/G1P8	--	--
MG729829.1_RVA/Hu/13-82/CHN/2013/GxP8	--	--
NODE_0000270	--	--
AB975467.1_RVA/JPN/NT007/2012/G9P8	--	--
LC172584.1_RVA/RVA/Human/JPN/SP010/2013/G9P8	--	--
LC172639.1_RVA/RVA/Human/JPN/YM076/2014/G9P8	--	--
NODE_0000088	2001-03-12	2001.193882
NODE_0000089	--	--
KP752902.1_RVA/Human-wt/ETH/MRC-DPRU1862/2009/G1P8	--	--
NODE_0000090	--	--
KJ752632.1_RVA/Human-wt/ETH/MRC-DPRU5010/2010/G12P8	--	--
HQ392398.1_RVA/Human-wt/BEL/BE00044/2009/G1P8	--	--
NODE_0000036	2009-08-15	2009.621806
KJ751760.1_RVA/Human-wt/UGA/MRC-DPRU1944/2008/G9P8	--	--
NODE_0000038	2010-02-20	2010.137164
NODE_0000039	2012-02-16	2012.126165
RVA/Human-wt/KEN/KLF0655/2013/G1P8	2013-06-11	2013.442466
NODE_0000040	2013-02-13	2013.119098
RVA/Human-wt/KEN/KLF0637/2013/G1P8	2013-05-12	2013.360274
RVA/Human-wt/KEN/KLF0646/2013/G1P8	2013-05-31	2013.412329
NODE_0000041	2010-06-02	2010.416846
KP882726.1_RVA/Human-wt/KEN/Keny-110/2009/G1P8	--	--
NODE_0000042	2010-09-12	2010.697290
KP752756.1_RVA/Human-wt/TGO/MRC-DPRU4562/2011/G1P8	--	--
RVA/Human-wt/KEN/KLF0564/2012/G1P8	2012-06-01	2012.416667
NODE_0000025	2010-04-19	2010.296373
NODE_0000026	2011-08-20	2011.635001
RVA/Human-wt/KEN/KLF0560/2012/G1P8	2012-04-13	2012.282787
RVA/Human-wt/KEN/KLF1037/2012/G1P8	2012-02-01	2012.086066
NODE_0000146	2011-08-31	2011.665065
RVA/Human-wt/KEN/KLF1038/2012/G1P8	2012-06-01	2012.416667
NODE_0000152	2011-09-01	2011.667073
RVA/Human-wt/KEN/KLF0543/2012/G1P8	2012-01-16	2012.042350
NODE_0000163	2012-01-04	2012.009563
RVA/Human-wt/KEN/KLF0540/2012/G1P8	2012-01-04	2012.009563
NODE_0000167	2012-01-08	2012.020492
RVA/Human-wt/KEN/KLF0542/2012/G1P8	2012-01-08	2012.020492
NODE_0000175	2012-01-16	2012.042350
RVA/Human-wt/KEN/KLF0544/2012/G1P8	2012-01-16	2012.042350
NODE_0000180	2012-02-08	2012.106499
RVA/Human-wt/KEN/KLF0547/2012/G1P8	2012-02-10	2012.110656
NODE_0000183	2012-02-11	2012.113388
RVA/Human-wt/KEN/KLF0548/2012/G1P8	2012-02-11	2012.113388
NODE_0000186	2012-03-19	2012.214481
RVA/Human-wt/KEN/KLF0557/2012/G1P8	2012-03-19	2012.214481
NODE_0000187	2012-04-26	2012.318306
RVA/Human-wt/KEN/KLF0562/2012/G1P8	2012-04-26	2012.318306
NODE_0000190	2012-05-15	2012.370219
RVA/Human-wt/KEN/KLF0559/2012/G1P8	2012-06-01	2012.416667
RVA/Human-wt/KEN/KLF0565/2012/G1P8	2012-05-15	2012.370219
NODE_0000023	2010-10-22	2010.808004
RVA/Human-wt/KEN/KLF0555/2012/G1P8	2012-03-05	2012.176230
MH291320.1_RVA/Human-wt/KEN/3471/2016/G9P8	--	--
NODE_0000000	2012-01-01	2012.000305
RVA/Human-wt/KEN/KLF0663/2013/G1P8	2013-06-26	2013.483562
RVA/Human-wt/KEN/KLF0634/2013/G1P8	2013-04-13	2013.280822
NODE_0000020	2013-07-18	2013.543445
NODE_0000022	2013-11-17	2013.878163
RVA/Human-wt/KEN/KLF0726/2014/G1P8	2014-06-22	2014.472603
RVA/Human-wt/KEN/KLF0723/2014/G1P8	2014-06-17	2014.458904
NODE_0000197	2013-12-07	2013.933220
RVA/Human-wt/KEN/KLF0709/2014/G1P8	2014-04-23	2014.308219
RVA/Human-wt/KEN/KLF1047/2014/G1P8	2014-06-20	2014.467123
NODE_0000204	2012-08-09	2012.604248
RVA/Human-wt/KEN/KLF0764/2015/G1P8	2015-06-03	2015.420548
NODE_0000206	2012-08-09	2012.604248
RVA/Human-wt/KEN/KLF0670/2013/G1P8	2013-07-27	2013.568493
NODE_0000207	2012-08-09	2012.604248
NODE_0000208	2013-03-03	2013.169741
NODE_0000002	2013-09-02	2013.668697
RVA/Human-wt/KEN/KLF0735/2014/G1P8	2014-07-18	2014.543836
NODE_0000003	2014-07-18	2014.543836
RVA/Human-wt/KEN/KLF0736/2014/G1P8	2014-07-18	2014.543836
RVA/Human-wt/KEN/KLF0745/2014/G1P8	2014-08-13	2014.615068
NODE_0000211	2013-03-03	2013.169741
RVA/Human-wt/KEN/KLF1041/2013/G1P8	2013-06-23	2013.475342
NODE_0000217	2013-04-30	2013.327397
RVA/Human-wt/KEN/KLF0635/2013/G1P8	2013-04-30	2013.327397
NODE_0000218	2013-06-06	2013.428767
RVA/Human-wt/KEN/KLF1039/2013/G1P8	2013-06-06	2013.428767
RVA/Human-wt/KEN/KLF0674/2013/G1P8	2013-08-12	2013.612329
NODE_0000008	2012-11-05	2012.845024
RVA/Human-wt/KEN/KLF0654/2013/G1P8	2013-06-09	2013.436986
RVA/Human-wt/KEN/KLF0647/2013/G1P8	2013-06-04	2013.423288
RVA/Human-wt/KEN/KLF0680/2013/G1P8	2013-09-05	2013.678082
NODE_0000257	2013-02-16	2013.127767
RVA/Human-wt/KEN/KLF0666/2013/G1P8	2013-07-02	2013.500000
NODE_0000222	2013-05-25	2013.397221
RVA/Human-wt/KEN/KLF0696/2014/G1P8	2014-02-22	2014.143836
NODE_0000224	2013-05-28	2013.404110
RVA/Human-wt/KEN/KLF0644/2013/G1P8	2013-05-28	2013.404110
NODE_0000225	2013-06-21	2013.469863
RVA/Human-wt/KEN/KLF0661/2013/G1P8	2013-06-21	2013.469863
NODE_0000233	2013-07-05	2013.508219
RVA/Human-wt/KEN/KLF1042/2013/G1P8	2013-07-05	2013.508219
NODE_0000234	2013-07-27	2013.568493
RVA/Human-wt/KEN/KLF0671/2013/G1P8	2013-07-27	2013.568493
NODE_0000241	2013-09-17	2013.710959
RVA/Human-wt/KEN/KLF0689/2013/G1P8	2013-10-19	2013.798630
RVA/Human-wt/KEN/KLF0685/2013/G1P8	2013-09-17	2013.710959
NODE_0000044	2009-12-29	2009.993753
KP882704.1_RVA/Human-wt/KEN/Keny-058/2009/G1P8	--	--
KJ753085.1_RVA/Human-wt/ZAF/MRC-DPRU135/2009/G1P8	--	--
RVA/Human-wt/KEN/KLF0687/2013/G1P8	2013-09-25	2013.732877
KJ753427.1_RVA/Human-wt/UGA/MRC-DPRU4595/2011/G9P8	--	--
NODE_0000045	2011-02-09	2011.107947
RVA/Human-wt/KEN/KLF0567/2012/G1P8	2012-06-05	2012.427596
KJ919662.1_RVA/Human-wt/HUN/ERN5195/2012/G9P8	--	--
NODE_0000049	--	--
KP753260.1_RVA/Human-wt/KEN/MRC-DPRU1608/2009/G1P8	--	--
KP882693.1_RVA/Human-wt/KEN/Keny-057/2009/G1P8	--	--
NODE_0000052	2010-10-28	2010.822269
RVA/Human-wt/KEN/KLF0566/2012/G1P8	2012-06-03	2012.422131
MH291316.1_RVA/Human-wt/KEN/3413/2016/G1P8	--	--
NODE_0000271	2011-09-28	2011.739732
NODE_0000247	2012-09-02	2012.669840
RVA/Human-wt/KEN/KLF0650/2013/G1P8	2013-06-05	2013.426027
NODE_0000250	2012-11-27	2012.905656
RVA/Human-wt/KEN/KLF0633/2013/G1P8	2013-04-13	2013.280822
NODE_0000255	2013-02-01	2013.085230
RVA/Human-wt/KEN/KLF0651/2013/G1P8	2013-06-08	2013.434247
NODE_0000057	2013-06-16	2013.457195
RVA/Human-wt/KEN/KLF0727/2014/G1P8	2014-06-24	2014.478082
RVA/Human-wt/KEN/KLF0721/2014/G1P8	2014-06-15	2014.453425
NODE_0000286	2013-09-18	2013.714687
RVA/Human-wt/KEN/KLF0724/2014/G1P8	2014-06-17	2014.458904
NODE_0000319	2013-09-27	2013.739555
NODE_0000064	2014-02-10	2014.111450
RVA/Human-wt/KEN/KLF0695/2014/G1P8	2014-02-21	2014.141096
RVA/Human-wt/KEN/KLF0707/2014/G1P8	2014-04-19	2014.297260
NODE_0000260	2014-03-13	2014.195890
RVA/Human-wt/KEN/KLF0697/2014/G1P8	2014-03-13	2014.195890
NODE_0000264	2014-03-20	2014.215068
RVA/Human-wt/KEN/KLF0699/2014/G1P8	2014-03-20	2014.215068
NODE_0000265	2014-04-13	2014.282153
RVA/Human-wt/KEN/KLF0705/2014/G1P8	2014-04-14	2014.283562
NODE_0000266	2014-04-16	2014.289041
RVA/Human-wt/KEN/KLF0738/2014/G1P8	2014-07-21	2014.552055
RVA/Human-wt/KEN/KLF0706/2014/G1P8	2014-04-16	2014.289041
NODE_0000066	2012-02-10	2012.111807
RVA/Human-wt/KEN/KLF0677/2013/G1P8	2013-08-30	2013.661644
NODE_0000067	2012-09-08	2012.687255
NODE_0000269	2012-11-21	2012.890698
RVA/Human-wt/KEN/KLF0648/2013/G1P8	2013-06-05	2013.426027
NODE_0000069	2013-04-06	2013.262919
RVA/Human-wt/KEN/KLF0642/2013/G1P8	2013-05-23	2013.390411
NODE_0000070	2013-06-16	2013.455258
RVA/Human-wt/KEN/KLF0682/2013/G1P8	2013-09-16	2013.708219
NODE_0000273	2013-09-17	2013.710959
RVA/Human-wt/KEN/KLF0684/2013/G1P8	2013-09-18	2013.713699
RVA/Human-wt/KEN/KLF0683/2013/G1P8	2013-09-17	2013.710959
NODE_0000072	2012-10-26	2012.818326
RVA/Human-wt/KEN/KLF0662/2013/G1P8	2013-06-25	2013.480822
RVA/Human-wt/KEN/KLF0664/2013/G1P8	2013-06-26	2013.483562
RVA/Human-wt/KEN/KLF0688/2013/G1P8	2013-09-28	2013.741096
NODE_0000074	2013-01-31	2013.082942
RVA/Human-wt/KEN/KLF1040/2013/G1P8	2013-06-13	2013.447945
RVA/Human-wt/KEN/KLF0675/2013/G1P8	2013-08-16	2013.623288
NODE_0000283	2013-01-08	2013.019404
RVA/Human-wt/KEN/KLF0643/2013/G1P8	2013-05-24	2013.393151
NODE_0000284	2013-05-15	2013.368493
RVA/Human-wt/KEN/KLF0638/2013/G1P8	2013-05-15	2013.368493
NODE_0000285	2013-07-02	2013.500000
RVA/Human-wt/KEN/KLF0679/2013/G1P8	2013-09-03	2013.672603
RVA/Human-wt/KEN/KLF0665/2013/G1P8	2013-07-02	2013.500000
NODE_0000081	2013-01-16	2013.042350
RVA/Human-wt/KEN/KLF0690/2013/G1P8	2013-11-07	2013.850685
NODE_0000084	2013-07-08	2013.516438
RVA/Human-wt/KEN/KLF0669/2013/G1P8	2013-07-19	2013.546575
RVA/Human-wt/KEN/KLF1044/2013/G1P8	2013-07-08	2013.516438
NODE_0000339	2013-02-02	2013.089545
RVA/Human-wt/KEN/KLF0660/2013/G1P8	2013-06-18	2013.461644
NODE_0000296	2013-05-19	2013.380783
RVA/Human-wt/KEN/KLF0639/2013/G1P8	2013-05-20	2013.382192
NODE_0000301	2013-05-22	2013.387671
RVA/Human-wt/KEN/KLF0641/2013/G1P8	2013-05-22	2013.387671
NODE_0000305	2013-05-30	2013.409589
RVA/Human-wt/KEN/KLF0645/2013/G1P8	2013-05-30	2013.409589
NODE_0000308	2013-06-05	2013.427358
RVA/Human-wt/KEN/KLF0653/2013/G1P8	2013-06-08	2013.434247
NODE_0000315	2013-06-08	2013.434247
RVA/Human-wt/KEN/KLF0691/2013/G1P8	2013-11-12	2013.864384
RVA/Human-wt/KEN/KLF0652/2013/G1P8	2013-06-08	2013.434247
NODE_0000092	2002-12-03	2002.921234
NODE_0000110	--	--
JN849145.1_RVA/Human-wt/BEL/BE1259/2009/G3P8	--	--
KJ753438.1_RVA/Human-wt/ZAF/MRC-DPRU2082/2005/G3P8	--	--
LC066192.1_RVA/RVA/Human-wt/VNM/SP110/2012/G1P8	--	--
JF490916.1_RVA/human/Vanderbilt/VU06-07-21/2006/G3P8	--	--
NODE_0000111	--	--
JX027707.1_RVA/Human-wt/AUS/CK00062/2007/G1P8	--	--
LC056818.1_RVA/RVA/Human-wt/VNM/NT0247/2007/G1P8	--	--
NODE_0000093	2003-12-18	2003.963575
NODE_0000094	--	--
JF490564.1_RVA/human/Vanderbilt/VU05-06-2/2005/G1P8	--	--
KF907291.1_RVA/Human-wt/BRA/RJ12419/2006/G12P8	--	--
NODE_0000095	2004-04-23	2004.309431
NODE_0000100	--	--
JX027911.1_RVA/Human-wt/AUS/CK00092/2009/G1P8	--	--
NODE_0000101	--	--
KP752793.1_RVA/Human-wt/ETH/MRC-DPRU4970/2010/G12P8	--	--
JN849115.1_RVA/Human-wt/BEL/BE0085/2008/G12P8	--	--
NODE_0000096	--	--
HM773637.1_RVA/Human-wt/USA2008747307/2008/G9P8	--	--
NODE_0000097	--	--
HM773846.1_RVA/Human-wt/USA2007719907/2007/G1P8	--	--
NODE_0000098	--	--
JF490223.1_RVA/human/Victoria/CK00015/2005/G1P8	--	--
MT854655.1_RVA/Human-wt/ZAF/UFS-NGS-MRC-DPRU1271/2009/G1P8	--	--
NODE_0000102	2006-01-27	2006.071269
LC468216.1_RVA/Human-wt/JPN/Ro1847/2013/G1P8	--	--
LC172466.1_RVA/RVA/Human/JPN/NT048/2013/G1P8	--	--
JX027876.1_RVA/Human-wt/AUS/CK00088/2009/G1P8	--	--
NODE_0000103	2007-10-26	2007.817347
RVA/Human-wt/KEN/KLF0632/2013/G1P8	2013-06-01	2013.415068
HQ392263.1_RVA/Human-wt/BEL/BE00031/2008/G1P8	--	--
NODE_0000107	--	--
MT855447.1_RVA/Human-wt/ZAF/UFS-NGS-MRC-DPRU981/2006/G1P8	--	--
NODE_0000108	--	--
KC769451.1_RVA/Human-wt/AUS/CK00079/2007/G1P8	--	--
JN887809.1_RVA/Hu/CI-81/2011/KOR	--	--
NODE_0000115	--	--
EF990707.1_RVA/Human-wt/BEL/B3458/2003/G9P8	--	--
NODE_0000117	--	--
DQ492672.1_RVA/Human-wt/BGD/Dhaka16/2003/G1P8	--	--
NODE_0000118	--	--
KC769363.1_RVA/Human-wt/AUS/CK00064/2007/G1P8	--	--
NODE_0000119	--	--
HQ392238.1_RVA/Human-wt/BEL/BE00029/2008/G1P8	--	--
EU839955.1_Human/rotavirus/G1P8DH415/2005	--	--
NODE_0000121	--	--
KP881945.1_RVA/Human-wt/BGD/Bang-018/2008/G9P8	--	--
NODE_0000122	--	--
KP882121.1_RVA/Human-wt/BGD/Bang-095/2008/G1P8	--	--
NODE_0000123	--	--
EU839959.1_Human/rotavirus/G9P8DH396/2004	--	--
JF490893.1_RVA/human/Vanderbilt/VU06-07-7/2006/G1P8	--	--
NODE_0000124	--	--
NODE_0000125	--	--
NODE_0000126	--	--
JN849131.1_RVA/Human-wt/BEL/BE1248/2009/G9P8	--	--
DQ146652.1_RVA/Human-wt/BGD/Dhaka25/2002/G12P8	--	--
NODE_0000128	--	--
NODE_0000129	--	--
NODE_0000130	--	--
MT854336.1_RVA/Human-wt/ZAF/UFS-NGS-MRC-DPRU1002/2006/G1P8	--	--
MT855458.1_RVA/Human-wt/ZAF/UFS-NGS-MRC-DPRU999/2006/G1P8	--	--
NODE_0000131	--	--
KF636182.1_RVA/Human-wt/ZAF/MRC-DPRU2061/2010/G1P8	--	--
KJ753295.1_RVA/Human-wt/ZWE/MRC-DPRU1844-11/2011/G1P8	--	--
NODE_0000132	--	--
NODE_0000133	--	--
JX027821.1_RVA/Human-wt/AUS/CK00083/2008/G1P8	--	--
NODE_0000134	--	--
MT855260.1_RVA/Human-wt/ZAF/UFS-NGS-MRC-DPRU658/2005/G1P8	--	--
NODE_0000135	--	--
MT854721.1_RVA/Human-wt/ZAF/UFS-NGS-MRC-DPRU139/2009/G1P8	--	--
MN632685.1_RVA/Human-wt/RUFS-NGS-MRC-DPRU1565/2011/G1P8	--	--
NODE_0000136	--	--
NODE_0000137	--	--
HQ392362.1_RVA/Human-wt/BEL/BE00040/2008/G1P8	--	--
NODE_0000138	--	--
HQ392119.1_RVA/Human-wt/BEL/BE00017/2006/G1P8	--	--
MT854468.1_RVA/Human-wt/ZAF/UFS-NGS-MRC-DPRU1047/2008/G1P8	--	--
NODE_0000139	--	--
NODE_0000140	--	--
MT854666.1_RVA/Human-wt/ZAF/UFS-NGS-MRC-DPRU1273/2007/G1P8	--	--
KJ752698.1_RVA/Human-wt/ZAF/MRC-DPRU1381/2007/G1P8	--	--
NODE_0000141	--	--
HM773747.1_RVA/Human-wt/USA2007719825/2007/G1P8	--	--
NODE_0000142	--	--
HQ392306.1_RVA/Human-wt/BEL/BE00035/2008/G1P8	--	--
JN849121.1_RVA/Human-wt/BEL/BE1023/2008/G1P8	--	--
NODE_0000143	--	--
KP752607.1_RVA/Human-wt/ZAF/MRC-DPRU4799/2004/G1P8	--	--
NODE_0000144	--	--
KT920896.1_RVA/Human-wt/IND/VR11281/2003/G1P8	--	--
KT920643.1_RVA/Human-wt/IND/VR10431/2003/G1P8	--	--
NODE_0000147	--	--
JF490146.1_RVA/human/Victoria/CK00006/2004/G1P8	--	--
MT854523.1_RVA/Human-wt/ZAF/UFS-NGS-MRC-DPRU1116/2004/G1P8	--	--
NODE_0000148	--	--
NODE_0000149	--	--
KJ752599.1_RVA/Human-wt/TGO/MRC-DPRU5171/2010/G12P8	--	--
NODE_0000150	--	--
KM660355.1_RVA/Human-wt/CMR/MA127/2011/G12P8	--	--
KM660338.1_RVA/Human-wt/CMR/ES290/2010/G12P8	--	--
NODE_0000151	--	--
KP882506.1_RVA/Human-wt/GHA/Ghan-084/2008/G1P8	--	--
KJ751826.1_RVA/Human-wt/BFA/MRC-DPRU2862/2009/G1P8	--	--
KJ751974.1_RVA/Human-wt/ZAF/MRC-DPRU822/2005/G1P8	--	--
NODE_0000154	--	--
KP883034.1_RVA/Human-wt/MLI/Mali-049/2008/G1P8	--	--
NODE_0000155	--	--
JN013994.1_RVA/Human-wt/ZAF/2371WC/2008/G9P8	--	--
NODE_0000156	--	--
KJ752795.1_RVA/Human-wt/ZWE/MRC-DPRU1841/2009/G9P8	--	--
KJ753537.1_RVA/Human-wt/ZWE/MRC-DPRU3367/2010/9P8	--	--
NODE_0000158	--	--
KJ751594.1_RVA/Human-wt/TGO/MRC-DPRU5144/2010/G12P8	--	--
KP882638.1_RVA/Human-wt/GHA/Ghan-145/2008/G1P8	--	--
NODE_0000160	--	--
KP883001.1_RVA/Human-wt/MLI/Mali-046/2008/G1P8	--	--
KP882550.1_RVA/Human-wt/GHA/Ghan-088/2008/G1P8	--	--
NODE_0000161	--	--
NODE_0000162	--	--
KJ627130.1_RVA/Human-wt/PRY/472/2000/G9P8	--	--
KJ626885.1_RVA/Human-wt/PRY/2SR/2002/G9P8	--	--
NODE_0000164	--	--
NODE_0000165	--	--
KF907293.1_RVA/Human-wt/BRA/BA20142/2011/G12P8	--	--
MN067124.1_RVA/Human-wt/IND/CMC_00039/2012/G1P8	--	--
NODE_0000166	--	--
HM773593.1_RVA/Human-wt/USA2009727036/2009/G9P8	--	--
HQ702254.1_RVA/human/Bethesda/DC8/2009/G9P8	--	--
NODE_0000168	--	--
JN129084.1_RVA/Human/NCA/7J/2010/G1P8	--	--
NODE_0000169	--	--
MN067113.1_RVA/Human-wt/IND/CMC_00012/2011/G1P8	--	--
NODE_0000170	--	--
MN067083.1_RVA/Human-wt/IND/CMC_00033/2012/G1P8	--	--
NODE_0000171	--	--
MN066804.1_RVA/Human-wt/IND/CMC_00047/2013/G1P8	--	--
MN067135.1_RVA/Human-wt/IND/CMC_00029/2012/G1P8	--	--
NODE_0000172	--	--
NODE_0000173	--	--
MG181461.1_RVA/Human-wt/MWI/MW2-1254/2005/G1P8	--	--
NODE_0000174	--	--
MG181329.1_RVA/Human-wt/MWI/MW5-184/2001/G1P8	--	--
KJ753449.1_RVA/Human-wt/ZAF/MRC-DPRU1217/2009/G1P8	--	--
MG181483.1_RVA/Human-wt/MWI/0P5-001/2008/G1P8	--	--
NODE_0000176	--	--
NODE_0000177	--	--
JN849127.1_RVA/Human-wt/BEL/BE1001a/2008/G9P8	--	--
NODE_0000178	--	--
KX778584.1_RVA/Human-wt/CHN/km15119/G9P8	--	--
NODE_0000179	--	--
KX778578.1_RVA/Human-wt/CHN/km15095/G9P8	--	--
LC569554.1_RVA/Human-wt/JPN/RU17-08/2017/G9P8	--	--
NODE_0000181	--	--
HM773659.1_RVA/Human-wt/USA2008747369/2008/G3P8	--	--
NODE_0000182	--	--
LC228384.1_RVA/Human-wt/JPN/CH1023/2016/G9P8	--	--
MN106118.1_RVA/Human-wt/CHN/E5365/2017/G1P8	--	--
NODE_0000184	--	--
MN478704.1_RVA/Human-wt/USA/3000014466/2014/G9P8	--	--
NODE_0000185	--	--
LC105315.1_RVA/RVA/Human-wt/JPN/To14-28/2014/G9P8	--	--
KT988296.1_RVA/Human-wt/ITA/PR1015/2013/G3P8	--	--
KX778577.1_RVA/Human-wt/CHN/km15094/G9P8	--	--
NODE_0000188	--	--
LC066159.1_RVA/RVA/Human-wt/VNM/SP071/2012/G1P8	--	--
NODE_0000189	--	--
KT920830.1_RVA/Human-wt/USA/CNMC120/2011/G1P8	--	--
LC569551.1_RVA/Human-wt/JPN/To17-01/2017/G1P8	--	--
NODE_0000191	--	--
NODE_0000192	--	--
LC172616.1_RVA/RVA/Human/JPN/YM026/2013/G9P8	--	--
NODE_0000193	--	--
MN478763.1_RVA/Human-wt/USA/3000380486/2015/G9P8	--	--
KJ753471.1_RVA/Human-wt/ZWE/MRC-DPRU1102/2012/G9P8	--	--
NODE_0000194	--	--
MG816515.1_RVA/human/SC9/CHN/2014/P8	--	--
NODE_0000195	--	--
MN478744.1_RVA/Human-wt/USA/3000357125/2016/G9P8	--	--
NODE_0000196	--	--
LC568924.1_RVA/Human-wt/JPN/NS16-10/2016/G9P8	--	--
LC491485.1_RVA/Human-wt/VNM/RVN16.1164/2016/G9P8	--	--
NODE_0000198	--	--
MZ165470.1_RVA/Human/CHN/HB-1/2019	--	--
NODE_0000199	--	--
MW254178.1_RVA/sewage/CHN/B23-R2/2019/P8	--	--
LC477407.1_RVA/Human-wt/JPN/Tokyo18-43/2018/G9P8	--	--
NODE_0000200	--	--
JN258371.1_RVA/Human-wt/USA/2007719635/2007/G1P8	--	--
NODE_0000201	--	--
NODE_0000202	--	--
KJ752983.1_RVA/Human-wt/ZAF/MRC-DPRU83/2011/G1P8	--	--
NODE_0000203	--	--
LC433678.1_RVA/Human-wt/VNM/0248/2016/G3P8	--	--
LC086750.1_RVA/RVA/Human-wt/THA/PCB-118/2013/G1P8	--	--
NODE_0000205	--	--
KX363108.1_RVA/Human-wt/VNM/12056_74/2013	--	--
KX363150.1_RVA/Human-wt/VNM/12057_81/2013	--	--
MN552124.1_RVA/Human-wt/RUS/Novosibirsk/NS17-A1039/2017/G12P8	--	--
LC086761.1_RVA/RVA/Human-wt/THA/SKT-98/2013/G1P8	--	--
NODE_0000209	--	--
LC066642.1_RVA/RVA/Human-wt/THA/PCB-180/2013/G1P8	--	--
NODE_0000210	--	--
LC491441.1_RVA/Human-wt/VNM/RVN16.1024/2016/G9P8	--	--
KX362703.1_RVA/Human-wt/VNM/16020_72/2013	--	--
NODE_0000212	--	--
MN058738.1_RVA/CAU17L-79/2017/G1P8	--	--
MT410487.1_RVA/JPN/17271/2019	--	--
NODE_0000213	--	--
LC469340.1_RVA/Human-wt/IDN/GRV67/2014/G1P8	--	--
NODE_0000214	--	--
NODE_0000223	--	--
LC172607.1_RVA/RVA/Human/JPN/SP035/2013/G1P8	--	--
AB848005.1_RVA/RVA/Human-wt/JPN/HC12016/2012/G1P8	--	--
LC172507.1_RVA/RVA/Human/JPN/KN108/2013/G1P8	--	--
NODE_0000226	--	--
NODE_0000227	--	--
LC430887.1_RVA/Human-wt/IDN/D13/2013/G3P8	--	--
AB930192.1_RVA/RVA/Human-wt/JPN/S140023/2014/G3P8	--	--
NODE_0000228	--	--
LC105424.1_RVA/RVA/Human-wt/JPN/To14-41/2014/G1P8	--	--
MF044134.1_RVA/Human-wt/TWN/2014/103-701-D166/G1P8	--	--
NODE_0000215	--	--
KP007191.1_RVA/Human-wt/PHI/TGO12-016/2012/G1P8	--	--
NODE_0000216	--	--
LC542159.1_RVA/Human-wt/JPN/IW16-10/2016/G3P8	--	--
LC086717.1_RVA/RVA/Human-wt/THA/SKT-281/2013/G3P8	--	--
LC086728.1_RVA/RVA/Human-wt/THA/SKT-289/2013/G3P8	--	--
NODE_0000219	--	--
NODE_0000220	--	--
LC260227.1_RVA/RVA/Human-wt/IDN/SOEP137/2016/G3P8	--	--
LC469335.1_RVA/Human-wt/IDN/STM230/2016/G3P8	--	--
NODE_0000221	--	--
KX880426.1_RVA/Human-wt/DEU/GER34-16/2016/G3P8	--	--
LC260223.1_RVA/RVA/Human-wt/IDN/SOEP044/2015/G3P8	--	--
NODE_0000229	--	--
LC463295.1_RVA/Human-wt/JPN/EnRo2275/2014/G1P8	--	--
NODE_0000230	--	--
MF044156.1_RVA/Human-wt/TWN/2014/103-701-D022/G3P8	--	--
NODE_0000231	--	--
MH569763.1_RVA/Human-wt/BRA/IAL-R608/2015/G3P8	--	--
MW558495.1_RVA/Hu/RUS/Moscow-40/2020	--	--
NODE_0000232	--	--
KX880415.1_RVA/Human-wt/DEU/GER33-15/2015/G3P8	--	--
MT854358.1_RVA/Human-wt/ZAF/UFS-NGS-MRC-DPRU1006/2006/G1P8	--	--
NODE_0000235	--	--
LC542559.1_RVA/Human-wt/JPN/TA17-06/2017/G3P8	--	--
LC542570.1_RVA/Human-wt/JPN/TA17-07/2017/G3P8	--	--
